,label
cell_0,E5Galnt14
cell_1,E3Rorb
cell_2,E5Sulf1
cell_3,E2Rasgrf2
cell_4,E2Rasgrf2
cell_5,E3Rorb
cell_6,E5Sulf1
cell_7,E3Rmst
cell_8,E4Il1rapl2
cell_9,E5Parm1
cell_10,InS
cell_11,InV
cell_12,E2Rasgrf2
cell_13,InN
cell_14,E4Il1rapl2
cell_15,Ast
cell_16,E2Rasgrf2
cell_17,E5Galnt14
cell_18,Ast
cell_19,E2Rasgrf2
cell_20,E2Rasgrf2
cell_21,E5Galnt14
cell_22,E6Tle4
cell_23,E3Rorb
cell_24,E2Rasgrf2
cell_25,E3Rorb
cell_26,E2Rasgrf2
cell_27,E3Rorb
cell_28,E2Rasgrf2
cell_29,E2Rasgrf2
cell_30,E6Tle4
cell_31,E5Galnt14
cell_32,E2Rasgrf2
cell_33,Clau
cell_34,E2Rasgrf2
cell_35,E5Galnt14
cell_36,InP
cell_37,E6Tle4
cell_38,E3Rmst
cell_39,E2Rasgrf2
cell_40,E4Il1rapl2
cell_41,E5Galnt14
cell_42,E5Tshz2
cell_43,E2Rasgrf2
cell_44,E3Rmst
cell_45,E5Galnt14
cell_46,Endo
cell_47,E4Thsd7a
cell_48,E5Galnt14
cell_49,E6Tle4
cell_50,E2Rasgrf2
cell_51,E3Rorb
cell_52,E3Rorb
cell_53,E3Rorb
cell_54,E5Galnt14
cell_55,E3Rmst
cell_56,InS
cell_57,E4Thsd7a
cell_58,E3Rorb
cell_59,E5Parm1
cell_60,InV
cell_61,E6Tle4
cell_62,E3Rorb
cell_63,E4Il1rapl2
cell_64,E6Tle4
cell_65,E2Rasgrf2
cell_66,InP
cell_67,E2Rasgrf2
cell_68,E6Tle4
cell_69,E3Rorb
cell_70,Mic
cell_71,E4Thsd7a
cell_72,E6Tle4
cell_73,E2Rasgrf2
cell_74,E2Rasgrf2
cell_75,E4Il1rapl2
cell_76,E3Rorb
cell_77,E2Rasgrf2
cell_78,E2Rasgrf2
cell_79,E3Rorb
cell_80,OliI
cell_81,E5Parm1
cell_82,InP
cell_83,E3Rorb
cell_84,E3Rorb
cell_85,E6Tle4
cell_86,E6Tle4
cell_87,E3Rorb
cell_88,E4Il1rapl2
cell_89,E6Tle4
cell_90,E3Rorb
cell_91,E3Rorb
cell_92,Mic
cell_93,E5Galnt14
cell_94,E2Rasgrf2
cell_95,E4Il1rapl2
cell_96,E3Rorb
cell_97,E3Rorb
cell_98,Ast
cell_99,Clau
cell_100,E2Rasgrf2
cell_101,E6Tle4
cell_102,InV
cell_103,InV
cell_104,Ast
cell_105,E2Rasgrf2
cell_106,E4Il1rapl2
cell_107,E3Rmst
cell_108,E3Rorb
cell_109,Peri
cell_110,E5Parm1
cell_111,E2Rasgrf2
cell_112,E6Tle4
cell_113,InV
cell_114,E4Il1rapl2
cell_115,E6Tle4
cell_116,E3Rorb
cell_117,E6Tle4
cell_118,E2Rasgrf2
cell_119,Ast
cell_120,E6Tle4
cell_121,E6Tle4
cell_122,E3Rorb
cell_123,E2Rasgrf2
cell_124,E2Rasgrf2
cell_125,E3Rorb
cell_126,Ast
cell_127,Ast
cell_128,Ast
cell_129,E2Rasgrf2
cell_130,E2Rasgrf2
cell_131,OliM
cell_132,Ast
cell_133,Clau
cell_134,E6Tle4
cell_135,Ast
cell_136,OPC
cell_137,OliM
cell_138,E6Tle4
cell_139,OliM
cell_140,OliM
cell_141,OliM
cell_142,OliM
cell_143,E5Galnt14
cell_144,E2Rasgrf2
cell_145,E6Tle4
cell_146,E5Sulf1
cell_147,OliM
cell_148,InS
cell_149,E4Thsd7a
cell_150,E5Sulf1
cell_151,E3Rmst
cell_152,E6Tle4
cell_153,E2Rasgrf2
cell_154,InS
cell_155,E3Rorb
cell_156,E5Galnt14
cell_157,E6Tle4
cell_158,InV
cell_159,E5Sulf1
cell_160,E3Rmst
cell_161,E2Rasgrf2
cell_162,InS
cell_163,E2Rasgrf2
cell_164,E3Rorb
cell_165,E2Rasgrf2
cell_166,E4Il1rapl2
cell_167,E2Rasgrf2
cell_168,E4Thsd7a
cell_169,E2Rasgrf2
cell_170,E5Galnt14
cell_171,E4Il1rapl2
cell_172,E2Rasgrf2
cell_173,E4Thsd7a
cell_174,E2Rasgrf2
cell_175,E2Rasgrf2
cell_176,E5Galnt14
cell_177,InN
cell_178,E3Rorb
cell_179,E3Rorb
cell_180,E2Rasgrf2
cell_181,E5Sulf1
cell_182,E2Rasgrf2
cell_183,E6Tle4
cell_184,E5Galnt14
cell_185,Clau
cell_186,E4Il1rapl2
cell_187,E2Rasgrf2
cell_188,E2Rasgrf2
cell_189,E5Galnt14
cell_190,InV
cell_191,E2Rasgrf2
cell_192,E3Rorb
cell_193,E6Tle4
cell_194,InN
cell_195,InP
cell_196,E5Parm1
cell_197,E3Rorb
cell_198,InP
cell_199,E4Il1rapl2
cell_200,E6Tle4
cell_201,E5Galnt14
cell_202,E6Tle4
cell_203,E4Thsd7a
cell_204,E5Galnt14
cell_205,E4Thsd7a
cell_206,E6Tle4
cell_207,InN
cell_208,E6Tle4
cell_209,Clau
cell_210,E3Rorb
cell_211,E4Il1rapl2
cell_212,E2Rasgrf2
cell_213,E6Tle4
cell_214,E6Tle4
cell_215,E6Tle4
cell_216,E3Rorb
cell_217,E3Rorb
cell_218,E4Thsd7a
cell_219,E2Rasgrf2
cell_220,E4Il1rapl2
cell_221,E3Rmst
cell_222,E3Rorb
cell_223,E5Galnt14
cell_224,Clau
cell_225,E4Thsd7a
cell_226,E2Rasgrf2
cell_227,E6Tle4
cell_228,E3Rorb
cell_229,E3Rorb
cell_230,E5Parm1
cell_231,E3Rorb
cell_232,E4Il1rapl2
cell_233,E3Rorb
cell_234,E5Galnt14
cell_235,E2Rasgrf2
cell_236,E6Tle4
cell_237,E6Tle4
cell_238,E4Il1rapl2
cell_239,E2Rasgrf2
cell_240,E3Rorb
cell_241,InS
cell_242,InN
cell_243,E6Tle4
cell_244,E6Tle4
cell_245,E2Rasgrf2
cell_246,E6Tle4
cell_247,E2Rasgrf2
cell_248,E4Thsd7a
cell_249,E6Tle4
cell_250,E2Rasgrf2
cell_251,E2Rasgrf2
cell_252,E5Galnt14
cell_253,E5Galnt14
cell_254,E3Rorb
cell_255,InP
cell_256,E4Il1rapl2
cell_257,E6Tle4
cell_258,E2Rasgrf2
cell_259,OliI
cell_260,OliM
cell_261,E6Tle4
cell_262,E4Thsd7a
cell_263,InP
cell_264,OliI
cell_265,E5Galnt14
cell_266,E3Rorb
cell_267,E2Rasgrf2
cell_268,E2Rasgrf2
cell_269,E4Thsd7a
cell_270,InV
cell_271,E2Rasgrf2
cell_272,E6Tle4
cell_273,OPC
cell_274,OliM
cell_275,OliM
cell_276,OliM
cell_277,E2Rasgrf2
cell_278,OliM
cell_279,E3Rorb
cell_280,E2Rasgrf2
cell_281,Ast
cell_282,Ast
cell_283,OPC
cell_284,E5Sulf1
cell_285,E2Rasgrf2
cell_286,E2Rasgrf2
cell_287,Clau
cell_288,E2Rasgrf2
cell_289,E4Thsd7a
cell_290,E5Parm1
cell_291,E5Parm1
cell_292,E2Rasgrf2
cell_293,E2Rasgrf2
cell_294,InS
cell_295,E3Rmst
cell_296,E2Rasgrf2
cell_297,E6Tle4
cell_298,E4Thsd7a
cell_299,E3Rmst
cell_300,E4Thsd7a
cell_301,InP
cell_302,E4Il1rapl2
cell_303,E2Rasgrf2
cell_304,E4Thsd7a
cell_305,E2Rasgrf2
cell_306,E4Il1rapl2
cell_307,E2Rasgrf2
cell_308,E2Rasgrf2
cell_309,E2Rasgrf2
cell_310,E4Thsd7a
cell_311,E3Rorb
cell_312,E2Rasgrf2
cell_313,E5Parm1
cell_314,E2Rasgrf2
cell_315,E3Rmst
cell_316,InV
cell_317,E6Tle4
cell_318,E2Rasgrf2
cell_319,E5Galnt14
cell_320,E5Galnt14
cell_321,E3Rorb
cell_322,E2Rasgrf2
cell_323,E3Rorb
cell_324,E3Rorb
cell_325,E2Rasgrf2
cell_326,E3Rorb
cell_327,E2Rasgrf2
cell_328,E2Rasgrf2
cell_329,E3Rmst
cell_330,E3Rorb
cell_331,E5Galnt14
cell_332,E5Galnt14
cell_333,E4Thsd7a
cell_334,E2Rasgrf2
cell_335,E5Galnt14
cell_336,E2Rasgrf2
cell_337,E3Rorb
cell_338,E3Rorb
cell_339,E3Rorb
cell_340,E5Tshz2
cell_341,E2Rasgrf2
cell_342,E6Tle4
cell_343,E3Rorb
cell_344,Mic
cell_345,E2Rasgrf2
cell_346,E6Tle4
cell_347,E2Rasgrf2
cell_348,E4Il1rapl2
cell_349,E4Thsd7a
cell_350,E2Rasgrf2
cell_351,E3Rorb
cell_352,E3Rmst
cell_353,E2Rasgrf2
cell_354,E3Rorb
cell_355,E2Rasgrf2
cell_356,InS
cell_357,E6Tle4
cell_358,InP
cell_359,InS
cell_360,E6Tle4
cell_361,E4Il1rapl2
cell_362,InS
cell_363,E5Parm1
cell_364,E4Il1rapl2
cell_365,E2Rasgrf2
cell_366,E6Tle4
cell_367,E4Thsd7a
cell_368,E3Rorb
cell_369,E2Rasgrf2
cell_370,E3Rorb
cell_371,E6Tle4
cell_372,E3Rorb
cell_373,E4Il1rapl2
cell_374,E2Rasgrf2
cell_375,E6Tle4
cell_376,E3Rorb
cell_377,E4Thsd7a
cell_378,InV
cell_379,E3Rorb
cell_380,InS
cell_381,InP
cell_382,E5Parm1
cell_383,E6Tle4
cell_384,E3Rorb
cell_385,E2Rasgrf2
cell_386,E4Il1rapl2
cell_387,E4Il1rapl2
cell_388,E4Thsd7a
cell_389,E5Parm1
cell_390,E4Thsd7a
cell_391,OliM
cell_392,E3Rorb
cell_393,E2Rasgrf2
cell_394,E6Tle4
cell_395,E3Rorb
cell_396,E3Rorb
cell_397,E4Il1rapl2
cell_398,E3Rorb
cell_399,E3Rorb
cell_400,E4Thsd7a
cell_401,E2Rasgrf2
cell_402,E2Rasgrf2
cell_403,E3Rorb
cell_404,E6Tle4
cell_405,E5Parm1
cell_406,E3Rorb
cell_407,InV
cell_408,E6Tle4
cell_409,E6Tle4
cell_410,InS
cell_411,E4Il1rapl2
cell_412,E6Tle4
cell_413,InS
cell_414,E6Tle4
cell_415,E2Rasgrf2
cell_416,E3Rorb
cell_417,E5Galnt14
cell_418,E2Rasgrf2
cell_419,E6Tle4
cell_420,E6Tle4
cell_421,E4Thsd7a
cell_422,E6Tle4
cell_423,E6Tle4
cell_424,Clau
cell_425,E5Galnt14
cell_426,InV
cell_427,E3Rorb
cell_428,Ast
cell_429,Ast
cell_430,Ast
cell_431,E5Galnt14
cell_432,E2Rasgrf2
cell_433,E6Tle4
cell_434,InN
cell_435,Clau
cell_436,E6Tle4
cell_437,E2Rasgrf2
cell_438,E5Sulf1
cell_439,InP
cell_440,E2Rasgrf2
cell_441,E4Il1rapl2
cell_442,OPC
cell_443,E4Il1rapl2
cell_444,E6Tle4
cell_445,E6Tle4
cell_446,E3Rorb
cell_447,OPC
cell_448,InN
cell_449,E2Rasgrf2
cell_450,E2Rasgrf2
cell_451,E4Thsd7a
cell_452,E5Parm1
cell_453,Ast
cell_454,OPC
cell_455,E4Il1rapl2
cell_456,E6Tle4
cell_457,E4Thsd7a
cell_458,E4Il1rapl2
cell_459,E4Il1rapl2
cell_460,E5Galnt14
cell_461,E4Thsd7a
cell_462,E4Il1rapl2
cell_463,E2Rasgrf2
cell_464,E6Tle4
cell_465,E5Parm1
cell_466,InP
cell_467,E2Rasgrf2
cell_468,E2Rasgrf2
cell_469,E2Rasgrf2
cell_470,E4Il1rapl2
cell_471,E5Parm1
cell_472,E2Rasgrf2
cell_473,E2Rasgrf2
cell_474,E5Galnt14
cell_475,E2Rasgrf2
cell_476,E5Galnt14
cell_477,E4Il1rapl2
cell_478,E2Rasgrf2
cell_479,E2Rasgrf2
cell_480,E2Rasgrf2
cell_481,E3Rmst
cell_482,E4Il1rapl2
cell_483,E5Sulf1
cell_484,E2Rasgrf2
cell_485,E4Il1rapl2
cell_486,E2Rasgrf2
cell_487,E2Rasgrf2
cell_488,E4Il1rapl2
cell_489,E2Rasgrf2
cell_490,OliM
cell_491,E5Galnt14
cell_492,E2Rasgrf2
cell_493,E3Rorb
cell_494,E4Il1rapl2
cell_495,E2Rasgrf2
cell_496,E4Il1rapl2
cell_497,E2Rasgrf2
cell_498,E2Rasgrf2
cell_499,E2Rasgrf2
cell_500,E2Rasgrf2
cell_501,E2Rasgrf2
cell_502,E3Rorb
cell_503,E6Tle4
cell_504,E3Rorb
cell_505,E4Thsd7a
cell_506,Peri
cell_507,E4Thsd7a
cell_508,E5Galnt14
cell_509,E6Tle4
cell_510,E5Parm1
cell_511,E5Galnt14
cell_512,E5Parm1
cell_513,E4Thsd7a
cell_514,OliI
cell_515,E5Parm1
cell_516,E4Thsd7a
cell_517,E2Rasgrf2
cell_518,E4Thsd7a
cell_519,E3Rorb
cell_520,E2Rasgrf2
cell_521,E3Rorb
cell_522,Mic
cell_523,E2Rasgrf2
cell_524,E4Thsd7a
cell_525,E2Rasgrf2
cell_526,E4Thsd7a
cell_527,E2Rasgrf2
cell_528,E5Parm1
cell_529,InV
cell_530,E4Il1rapl2
cell_531,E6Tle4
cell_532,E6Tle4
cell_533,E5Tshz2
cell_534,E5Galnt14
cell_535,E3Rorb
cell_536,E3Rorb
cell_537,E5Parm1
cell_538,E2Rasgrf2
cell_539,E2Rasgrf2
cell_540,E2Rasgrf2
cell_541,E2Rasgrf2
cell_542,E2Rasgrf2
cell_543,InP
cell_544,E2Rasgrf2
cell_545,E3Rorb
cell_546,E6Tle4
cell_547,E4Thsd7a
cell_548,E6Tle4
cell_549,E4Thsd7a
cell_550,E3Rorb
cell_551,E6Tle4
cell_552,E2Rasgrf2
cell_553,Clau
cell_554,E3Rorb
cell_555,E3Rorb
cell_556,E2Rasgrf2
cell_557,E6Tle4
cell_558,E2Rasgrf2
cell_559,E4Thsd7a
cell_560,E4Il1rapl2
cell_561,InP
cell_562,E4Thsd7a
cell_563,E2Rasgrf2
cell_564,E2Rasgrf2
cell_565,E5Sulf1
cell_566,E6Tle4
cell_567,E3Rorb
cell_568,E3Rorb
cell_569,E2Rasgrf2
cell_570,InP
cell_571,E3Rorb
cell_572,E5Galnt14
cell_573,E3Rorb
cell_574,E2Rasgrf2
cell_575,E5Sulf1
cell_576,InN
cell_577,Ast
cell_578,E5Parm1
cell_579,E6Tle4
cell_580,E5Parm1
cell_581,E6Tle4
cell_582,E2Rasgrf2
cell_583,E5Galnt14
cell_584,E5Sulf1
cell_585,E2Rasgrf2
cell_586,E6Tle4
cell_587,E3Rorb
cell_588,E2Rasgrf2
cell_589,E2Rasgrf2
cell_590,E3Rorb
cell_591,E5Sulf1
cell_592,E3Rorb
cell_593,InV
cell_594,InP
cell_595,E3Rmst
cell_596,E3Rorb
cell_597,E5Parm1
cell_598,E6Tle4
cell_599,E3Rorb
cell_600,OliM
cell_601,Ast
cell_602,E3Rorb
cell_603,E3Rorb
cell_604,E6Tle4
cell_605,E5Galnt14
cell_606,E2Rasgrf2
cell_607,E4Il1rapl2
cell_608,E2Rasgrf2
cell_609,E2Rasgrf2
cell_610,E6Tle4
cell_611,E3Rorb
cell_612,Ast
cell_613,E3Rorb
cell_614,E6Tle4
cell_615,OliM
cell_616,E2Rasgrf2
cell_617,Mic
cell_618,E6Tle4
cell_619,InS
cell_620,E5Sulf1
cell_621,E2Rasgrf2
cell_622,Ast
cell_623,E3Rorb
cell_624,Ast
cell_625,E2Rasgrf2
cell_626,OPC
cell_627,E2Rasgrf2
cell_628,Ast
cell_629,E5Sulf1
cell_630,E4Il1rapl2
cell_631,InS
cell_632,E5Galnt14
cell_633,E4Il1rapl2
cell_634,E5Parm1
cell_635,E2Rasgrf2
cell_636,E3Rmst
cell_637,E2Rasgrf2
cell_638,E5Parm1
cell_639,E2Rasgrf2
cell_640,E2Rasgrf2
cell_641,E3Rmst
cell_642,E3Rorb
cell_643,E3Rmst
cell_644,E5Galnt14
cell_645,E3Rmst
cell_646,E5Parm1
cell_647,E6Tle4
cell_648,E4Il1rapl2
cell_649,E3Rorb
cell_650,E2Rasgrf2
cell_651,E5Sulf1
cell_652,E4Il1rapl2
cell_653,InP
cell_654,E3Rmst
cell_655,E4Thsd7a
cell_656,E6Tle4
cell_657,E2Rasgrf2
cell_658,E5Parm1
cell_659,E2Rasgrf2
cell_660,E2Rasgrf2
cell_661,E5Galnt14
cell_662,E2Rasgrf2
cell_663,E2Rasgrf2
cell_664,E4Il1rapl2
cell_665,E2Rasgrf2
cell_666,E2Rasgrf2
cell_667,E3Rmst
cell_668,E4Il1rapl2
cell_669,E2Rasgrf2
cell_670,E3Rmst
cell_671,E4Il1rapl2
cell_672,E2Rasgrf2
cell_673,E2Rasgrf2
cell_674,E2Rasgrf2
cell_675,E3Rmst
cell_676,InP
cell_677,Mic
cell_678,E5Galnt14
cell_679,E5Parm1
cell_680,E6Tle4
cell_681,E3Rorb
cell_682,E6Tle4
cell_683,E2Rasgrf2
cell_684,E2Rasgrf2
cell_685,E2Rasgrf2
cell_686,E2Rasgrf2
cell_687,E2Rasgrf2
cell_688,E6Tle4
cell_689,InN
cell_690,E4Thsd7a
cell_691,E3Rmst
cell_692,E5Tshz2
cell_693,OliM
cell_694,E2Rasgrf2
cell_695,E2Rasgrf2
cell_696,Clau
cell_697,E3Rorb
cell_698,E3Rorb
cell_699,E4Il1rapl2
cell_700,E2Rasgrf2
cell_701,E2Rasgrf2
cell_702,E6Tle4
cell_703,E2Rasgrf2
cell_704,E2Rasgrf2
cell_705,E3Rorb
cell_706,E4Thsd7a
cell_707,E3Rorb
cell_708,E6Tle4
cell_709,E2Rasgrf2
cell_710,E6Tle4
cell_711,E5Galnt14
cell_712,E3Rorb
cell_713,E4Thsd7a
cell_714,E4Thsd7a
cell_715,E2Rasgrf2
cell_716,E6Tle4
cell_717,E5Parm1
cell_718,E4Thsd7a
cell_719,E4Thsd7a
cell_720,E6Tle4
cell_721,E2Rasgrf2
cell_722,E3Rorb
cell_723,InV
cell_724,E3Rorb
cell_725,E5Parm1
cell_726,E4Il1rapl2
cell_727,E6Tle4
cell_728,E2Rasgrf2
cell_729,OliM
cell_730,E2Rasgrf2
cell_731,E2Rasgrf2
cell_732,InS
cell_733,E3Rorb
cell_734,E2Rasgrf2
cell_735,E3Rorb
cell_736,E3Rorb
cell_737,E4Thsd7a
cell_738,E3Rorb
cell_739,E4Il1rapl2
cell_740,E3Rorb
cell_741,E6Tle4
cell_742,OliM
cell_743,E4Thsd7a
cell_744,E3Rorb
cell_745,Ast
cell_746,E6Tle4
cell_747,InN
cell_748,E4Thsd7a
cell_749,E2Rasgrf2
cell_750,E6Tle4
cell_751,E6Tle4
cell_752,Ast
cell_753,E6Tle4
cell_754,Ast
cell_755,E6Tle4
cell_756,E2Rasgrf2
cell_757,E2Rasgrf2
cell_758,E5Sulf1
cell_759,Ast
cell_760,E3Rorb
cell_761,E2Rasgrf2
cell_762,Ast
cell_763,E2Rasgrf2
cell_764,Mic
cell_765,Ast
cell_766,E3Rorb
cell_767,E2Rasgrf2
cell_768,Ast
cell_769,E6Tle4
cell_770,OliI
cell_771,E3Rorb
cell_772,Ast
cell_773,E3Rorb
cell_774,Ast
cell_775,E4Il1rapl2
cell_776,InV
cell_777,E3Rorb
cell_778,Ast
cell_779,OPC
cell_780,E2Rasgrf2
cell_781,E6Tle4
cell_782,E6Tle4
cell_783,E3Rorb
cell_784,E4Thsd7a
cell_785,E4Il1rapl2
cell_786,E5Galnt14
cell_787,E5Galnt14
cell_788,E4Il1rapl2
cell_789,E6Tle4
cell_790,E5Parm1
cell_791,E2Rasgrf2
cell_792,E4Thsd7a
cell_793,E6Tle4
cell_794,Clau
cell_795,E5Parm1
cell_796,E5Sulf1
cell_797,E3Rorb
cell_798,E4Il1rapl2
cell_799,E4Thsd7a
cell_800,E4Il1rapl2
cell_801,E2Rasgrf2
cell_802,E6Tle4
cell_803,E6Tle4
cell_804,E3Rorb
cell_805,E2Rasgrf2
cell_806,E4Il1rapl2
cell_807,E4Il1rapl2
cell_808,InS
cell_809,Ast
cell_810,E3Rorb
cell_811,E5Galnt14
cell_812,E6Tle4
cell_813,E5Galnt14
cell_814,InP
cell_815,E2Rasgrf2
cell_816,InV
cell_817,E6Tle4
cell_818,E5Galnt14
cell_819,E2Rasgrf2
cell_820,E5Parm1
cell_821,E2Rasgrf2
cell_822,E3Rorb
cell_823,E3Rorb
cell_824,E3Rorb
cell_825,E4Il1rapl2
cell_826,E3Rorb
cell_827,E2Rasgrf2
cell_828,E2Rasgrf2
cell_829,InS
cell_830,E4Thsd7a
cell_831,E5Galnt14
cell_832,E2Rasgrf2
cell_833,E6Tle4
cell_834,E2Rasgrf2
cell_835,E4Thsd7a
cell_836,E2Rasgrf2
cell_837,E4Il1rapl2
cell_838,E2Rasgrf2
cell_839,E6Tle4
cell_840,E2Rasgrf2
cell_841,E6Tle4
cell_842,E3Rorb
cell_843,E6Tle4
cell_844,E5Parm1
cell_845,E2Rasgrf2
cell_846,E3Rorb
cell_847,E2Rasgrf2
cell_848,E2Rasgrf2
cell_849,Ast
cell_850,E3Rorb
cell_851,E3Rorb
cell_852,E3Rorb
cell_853,E2Rasgrf2
cell_854,E4Il1rapl2
cell_855,E2Rasgrf2
cell_856,E2Rasgrf2
cell_857,E3Rorb
cell_858,E3Rorb
cell_859,E2Rasgrf2
cell_860,InS
cell_861,E2Rasgrf2
cell_862,E2Rasgrf2
cell_863,E6Tle4
cell_864,Ast
cell_865,E6Tle4
cell_866,E3Rorb
cell_867,E5Galnt14
cell_868,E2Rasgrf2
cell_869,E2Rasgrf2
cell_870,E3Rorb
cell_871,E2Rasgrf2
cell_872,Ast
cell_873,E3Rorb
cell_874,E2Rasgrf2
cell_875,E3Rorb
cell_876,InS
cell_877,E5Tshz2
cell_878,InS
cell_879,E2Rasgrf2
cell_880,Ast
cell_881,E6Tle4
cell_882,E4Il1rapl2
cell_883,InP
cell_884,E4Il1rapl2
cell_885,E2Rasgrf2
cell_886,E2Rasgrf2
cell_887,E5Parm1
cell_888,E5Tshz2
cell_889,Ast
cell_890,E4Thsd7a
cell_891,E4Il1rapl2
cell_892,E3Rorb
cell_893,E3Rorb
cell_894,E3Rorb
cell_895,E2Rasgrf2
cell_896,Clau
cell_897,E5Galnt14
cell_898,E6Tle4
cell_899,E3Rorb
cell_900,E3Rorb
cell_901,E6Tle4
cell_902,E2Rasgrf2
cell_903,E2Rasgrf2
cell_904,E2Rasgrf2
cell_905,E3Rorb
cell_906,E3Rorb
cell_907,E5Sulf1
cell_908,E6Tle4
cell_909,InS
cell_910,E3Rorb
cell_911,E4Il1rapl2
cell_912,E3Rorb
cell_913,E2Rasgrf2
cell_914,E3Rorb
cell_915,InS
cell_916,Ast
cell_917,OPC
cell_918,E6Tle4
cell_919,Mic
cell_920,E2Rasgrf2
cell_921,OPC
cell_922,E4Il1rapl2
cell_923,E3Rorb
cell_924,Peri
cell_925,E3Rorb
cell_926,E5Galnt14
cell_927,E6Tle4
cell_928,OliM
cell_929,E2Rasgrf2
cell_930,E2Rasgrf2
cell_931,E2Rasgrf2
cell_932,E5Sulf1
cell_933,Ast
cell_934,Ast
cell_935,InS
cell_936,InP
cell_937,E2Rasgrf2
cell_938,Ast
cell_939,E3Rorb
cell_940,OliM
cell_941,Clau
cell_942,E2Rasgrf2
cell_943,OliM
cell_944,E5Galnt14
cell_945,OliM
cell_946,InP
cell_947,E4Thsd7a
cell_948,E4Thsd7a
cell_949,E5Parm1
cell_950,E2Rasgrf2
cell_951,E3Rorb
cell_952,E3Rorb
cell_953,E2Rasgrf2
cell_954,E5Sulf1
cell_955,E2Rasgrf2
cell_956,OliM
cell_957,E4Thsd7a
cell_958,E4Thsd7a
cell_959,E3Rmst
cell_960,E3Rorb
cell_961,InP
cell_962,E4Thsd7a
cell_963,E3Rorb
cell_964,E6Tle4
cell_965,E2Rasgrf2
cell_966,E5Parm1
cell_967,E4Thsd7a
cell_968,E6Tle4
cell_969,E4Thsd7a
cell_970,E4Thsd7a
cell_971,E6Tle4
cell_972,E5Parm1
cell_973,E4Il1rapl2
cell_974,E4Il1rapl2
cell_975,E4Il1rapl2
cell_976,E2Rasgrf2
cell_977,E5Parm1
cell_978,E3Rorb
cell_979,E3Rorb
cell_980,E4Thsd7a
cell_981,E2Rasgrf2
cell_982,E2Rasgrf2
cell_983,E2Rasgrf2
cell_984,E2Rasgrf2
cell_985,E5Tshz2
cell_986,E3Rorb
cell_987,E5Parm1
cell_988,E4Il1rapl2
cell_989,E2Rasgrf2
cell_990,E4Il1rapl2
cell_991,E5Galnt14
cell_992,E2Rasgrf2
cell_993,E2Rasgrf2
cell_994,E2Rasgrf2
cell_995,E3Rmst
cell_996,E2Rasgrf2
cell_997,E5Tshz2
cell_998,E2Rasgrf2
cell_999,Clau
cell_1000,E2Rasgrf2
cell_1001,E2Rasgrf2
cell_1002,E2Rasgrf2
cell_1003,E6Tle4
cell_1004,E3Rorb
cell_1005,E4Thsd7a
cell_1006,E3Rorb
cell_1007,E5Tshz2
cell_1008,E6Tle4
cell_1009,E4Thsd7a
cell_1010,E2Rasgrf2
cell_1011,E6Tle4
cell_1012,E2Rasgrf2
cell_1013,E3Rorb
cell_1014,E2Rasgrf2
cell_1015,OliM
cell_1016,E3Rorb
cell_1017,E2Rasgrf2
cell_1018,E3Rorb
cell_1019,InP
cell_1020,E6Tle4
cell_1021,E4Thsd7a
cell_1022,E3Rorb
cell_1023,E4Thsd7a
cell_1024,E3Rorb
cell_1025,E2Rasgrf2
cell_1026,E3Rmst
cell_1027,E6Tle4
cell_1028,E2Rasgrf2
cell_1029,E5Parm1
cell_1030,E2Rasgrf2
cell_1031,E5Galnt14
cell_1032,E6Tle4
cell_1033,E5Sulf1
cell_1034,E3Rorb
cell_1035,E2Rasgrf2
cell_1036,E6Tle4
cell_1037,E6Tle4
cell_1038,E6Tle4
cell_1039,E5Galnt14
cell_1040,E6Tle4
cell_1041,E2Rasgrf2
cell_1042,E6Tle4
cell_1043,E6Tle4
cell_1044,E3Rorb
cell_1045,E4Thsd7a
cell_1046,E2Rasgrf2
cell_1047,E2Rasgrf2
cell_1048,E2Rasgrf2
cell_1049,E2Rasgrf2
cell_1050,E6Tle4
cell_1051,E3Rorb
cell_1052,E4Il1rapl2
cell_1053,InV
cell_1054,E3Rmst
cell_1055,E3Rorb
cell_1056,E6Tle4
cell_1057,E2Rasgrf2
cell_1058,E5Parm1
cell_1059,E6Tle4
cell_1060,E5Galnt14
cell_1061,InV
cell_1062,E5Galnt14
cell_1063,E2Rasgrf2
cell_1064,E5Galnt14
cell_1065,InP
cell_1066,E2Rasgrf2
cell_1067,E6Tle4
cell_1068,E2Rasgrf2
cell_1069,E3Rorb
cell_1070,E3Rorb
cell_1071,E3Rorb
cell_1072,E2Rasgrf2
cell_1073,InP
cell_1074,E6Tle4
cell_1075,E2Rasgrf2
cell_1076,InP
cell_1077,OliM
cell_1078,Ast
cell_1079,E2Rasgrf2
cell_1080,E3Rorb
cell_1081,E2Rasgrf2
cell_1082,Ast
cell_1083,E4Il1rapl2
cell_1084,Ast
cell_1085,OPC
cell_1086,E2Rasgrf2
cell_1087,InN
cell_1088,E3Rorb
cell_1089,E2Rasgrf2
cell_1090,Ast
cell_1091,E5Parm1
cell_1092,E2Rasgrf2
cell_1093,InP
cell_1094,OliM
cell_1095,OliM
cell_1096,E3Rorb
cell_1097,E6Tle4
cell_1098,Endo
cell_1099,InP
cell_1100,E4Il1rapl2
cell_1101,E5Sulf1
cell_1102,Ast
cell_1103,E3Rorb
cell_1104,Clau
cell_1105,E6Tle4
cell_1106,E6Tle4
cell_1107,E5Parm1
cell_1108,Clau
cell_1109,E2Rasgrf2
cell_1110,E5Parm1
cell_1111,E4Thsd7a
cell_1112,E5Galnt14
cell_1113,E2Rasgrf2
cell_1114,E4Thsd7a
cell_1115,E4Il1rapl2
cell_1116,E3Rorb
cell_1117,E6Tle4
cell_1118,E2Rasgrf2
cell_1119,E2Rasgrf2
cell_1120,E2Rasgrf2
cell_1121,E2Rasgrf2
cell_1122,E2Rasgrf2
cell_1123,Ast
cell_1124,E4Thsd7a
cell_1125,E4Il1rapl2
cell_1126,E2Rasgrf2
cell_1127,E6Tle4
cell_1128,InS
cell_1129,E2Rasgrf2
cell_1130,E4Il1rapl2
cell_1131,E3Rorb
cell_1132,E3Rorb
cell_1133,E2Rasgrf2
cell_1134,E6Tle4
cell_1135,E5Galnt14
cell_1136,E5Galnt14
cell_1137,E4Thsd7a
cell_1138,E2Rasgrf2
cell_1139,E5Sulf1
cell_1140,E2Rasgrf2
cell_1141,E2Rasgrf2
cell_1142,E2Rasgrf2
cell_1143,E2Rasgrf2
cell_1144,E6Tle4
cell_1145,E2Rasgrf2
cell_1146,E6Tle4
cell_1147,E4Il1rapl2
cell_1148,E3Rorb
cell_1149,InN
cell_1150,E5Tshz2
cell_1151,E5Galnt14
cell_1152,E3Rorb
cell_1153,E3Rorb
cell_1154,E2Rasgrf2
cell_1155,E4Thsd7a
cell_1156,E3Rorb
cell_1157,E5Galnt14
cell_1158,E2Rasgrf2
cell_1159,E2Rasgrf2
cell_1160,E3Rorb
cell_1161,E3Rorb
cell_1162,E2Rasgrf2
cell_1163,InP
cell_1164,E6Tle4
cell_1165,E6Tle4
cell_1166,InS
cell_1167,E2Rasgrf2
cell_1168,E2Rasgrf2
cell_1169,E3Rorb
cell_1170,E2Rasgrf2
cell_1171,E2Rasgrf2
cell_1172,E3Rorb
cell_1173,E4Thsd7a
cell_1174,E6Tle4
cell_1175,E3Rorb
cell_1176,E5Galnt14
cell_1177,OPC
cell_1178,E6Tle4
cell_1179,E3Rorb
cell_1180,E3Rorb
cell_1181,InP
cell_1182,E2Rasgrf2
cell_1183,E2Rasgrf2
cell_1184,E6Tle4
cell_1185,E5Sulf1
cell_1186,E3Rorb
cell_1187,E2Rasgrf2
cell_1188,E2Rasgrf2
cell_1189,E5Tshz2
cell_1190,Ast
cell_1191,E2Rasgrf2
cell_1192,E3Rorb
cell_1193,E6Tle4
cell_1194,Ast
cell_1195,E6Tle4
cell_1196,E3Rorb
cell_1197,E2Rasgrf2
cell_1198,E2Rasgrf2
cell_1199,E5Sulf1
cell_1200,Clau
cell_1201,E2Rasgrf2
cell_1202,E6Tle4
cell_1203,E2Rasgrf2
cell_1204,E3Rorb
cell_1205,E3Rorb
cell_1206,E2Rasgrf2
cell_1207,E3Rorb
cell_1208,E6Tle4
cell_1209,InP
cell_1210,InP
cell_1211,E6Tle4
cell_1212,E2Rasgrf2
cell_1213,Ast
cell_1214,E2Rasgrf2
cell_1215,E3Rorb
cell_1216,E6Tle4
cell_1217,E6Tle4
cell_1218,InP
cell_1219,Ast
cell_1220,E4Il1rapl2
cell_1221,E3Rorb
cell_1222,E3Rmst
cell_1223,Ast
cell_1224,Ast
cell_1225,OPC
cell_1226,Ast
cell_1227,Clau
cell_1228,E3Rorb
cell_1229,E3Rorb
cell_1230,Clau
cell_1231,Ast
cell_1232,Ast
cell_1233,E5Sulf1
cell_1234,E3Rorb
cell_1235,Ast
cell_1236,E2Rasgrf2
cell_1237,E5Galnt14
cell_1238,Ast
cell_1239,E6Tle4
cell_1240,InN
cell_1241,E6Tle4
cell_1242,E3Rorb
cell_1243,InP
cell_1244,E4Il1rapl2
cell_1245,Ast
cell_1246,E2Rasgrf2
cell_1247,OPC
cell_1248,E4Il1rapl2
cell_1249,E2Rasgrf2
cell_1250,E4Thsd7a
cell_1251,E3Rmst
cell_1252,E5Sulf1
cell_1253,E4Il1rapl2
cell_1254,E5Parm1
cell_1255,E5Galnt14
cell_1256,E5Galnt14
cell_1257,E5Parm1
cell_1258,E6Tle4
cell_1259,E5Parm1
cell_1260,E3Rorb
cell_1261,E5Galnt14
cell_1262,E5Parm1
cell_1263,E5Parm1
cell_1264,E3Rmst
cell_1265,E5Galnt14
cell_1266,E2Rasgrf2
cell_1267,E4Il1rapl2
cell_1268,E2Rasgrf2
cell_1269,E2Rasgrf2
cell_1270,E3Rorb
cell_1271,Clau
cell_1272,E2Rasgrf2
cell_1273,E2Rasgrf2
cell_1274,InP
cell_1275,E2Rasgrf2
cell_1276,E3Rorb
cell_1277,E4Thsd7a
cell_1278,E2Rasgrf2
cell_1279,E3Rorb
cell_1280,E3Rorb
cell_1281,E5Sulf1
cell_1282,E6Tle4
cell_1283,E6Tle4
cell_1284,E6Tle4
cell_1285,E2Rasgrf2
cell_1286,E6Tle4
cell_1287,E5Parm1
cell_1288,E2Rasgrf2
cell_1289,OliM
cell_1290,E5Parm1
cell_1291,E2Rasgrf2
cell_1292,E2Rasgrf2
cell_1293,E5Tshz2
cell_1294,E2Rasgrf2
cell_1295,E2Rasgrf2
cell_1296,Clau
cell_1297,Ast
cell_1298,E4Thsd7a
cell_1299,E6Tle4
cell_1300,E2Rasgrf2
cell_1301,E2Rasgrf2
cell_1302,E6Tle4
cell_1303,Clau
cell_1304,E2Rasgrf2
cell_1305,E3Rorb
cell_1306,E3Rorb
cell_1307,E4Thsd7a
cell_1308,E2Rasgrf2
cell_1309,E6Tle4
cell_1310,E3Rmst
cell_1311,E3Rmst
cell_1312,E2Rasgrf2
cell_1313,E3Rorb
cell_1314,E3Rorb
cell_1315,E3Rmst
cell_1316,E2Rasgrf2
cell_1317,E3Rorb
cell_1318,E3Rmst
cell_1319,E2Rasgrf2
cell_1320,E2Rasgrf2
cell_1321,E2Rasgrf2
cell_1322,E6Tle4
cell_1323,E2Rasgrf2
cell_1324,E6Tle4
cell_1325,E2Rasgrf2
cell_1326,E2Rasgrf2
cell_1327,E6Tle4
cell_1328,E6Tle4
cell_1329,E5Galnt14
cell_1330,E2Rasgrf2
cell_1331,InP
cell_1332,E4Thsd7a
cell_1333,Ast
cell_1334,E6Tle4
cell_1335,E3Rorb
cell_1336,E5Tshz2
cell_1337,E3Rmst
cell_1338,Mic
cell_1339,E2Rasgrf2
cell_1340,E2Rasgrf2
cell_1341,E3Rorb
cell_1342,InS
cell_1343,E6Tle4
cell_1344,E5Tshz2
cell_1345,E2Rasgrf2
cell_1346,E2Rasgrf2
cell_1347,E2Rasgrf2
cell_1348,E6Tle4
cell_1349,InP
cell_1350,E3Rorb
cell_1351,E2Rasgrf2
cell_1352,E6Tle4
cell_1353,E2Rasgrf2
cell_1354,E2Rasgrf2
cell_1355,E4Il1rapl2
cell_1356,E3Rorb
cell_1357,E3Rorb
cell_1358,E2Rasgrf2
cell_1359,E2Rasgrf2
cell_1360,E3Rorb
cell_1361,E2Rasgrf2
cell_1362,E2Rasgrf2
cell_1363,E2Rasgrf2
cell_1364,E5Galnt14
cell_1365,E3Rorb
cell_1366,Ast
cell_1367,E2Rasgrf2
cell_1368,OliM
cell_1369,E3Rorb
cell_1370,E3Rorb
cell_1371,E6Tle4
cell_1372,E6Tle4
cell_1373,E3Rorb
cell_1374,E5Galnt14
cell_1375,E5Galnt14
cell_1376,E3Rorb
cell_1377,E5Parm1
cell_1378,E2Rasgrf2
cell_1379,Mic
cell_1380,E6Tle4
cell_1381,InP
cell_1382,E2Rasgrf2
cell_1383,E4Thsd7a
cell_1384,E5Galnt14
cell_1385,E2Rasgrf2
cell_1386,OPC
cell_1387,Ast
cell_1388,E6Tle4
cell_1389,E3Rorb
cell_1390,InS
cell_1391,E3Rorb
cell_1392,Ast
cell_1393,E6Tle4
cell_1394,E2Rasgrf2
cell_1395,E3Rorb
cell_1396,E2Rasgrf2
cell_1397,E5Parm1
cell_1398,E6Tle4
cell_1399,Ast
cell_1400,Ast
cell_1401,E5Galnt14
cell_1402,InS
cell_1403,E2Rasgrf2
cell_1404,E2Rasgrf2
cell_1405,E3Rorb
cell_1406,InP
cell_1407,E2Rasgrf2
cell_1408,E5Galnt14
cell_1409,OliM
cell_1410,OliM
cell_1411,OliM
cell_1412,OliM
cell_1413,OliM
cell_1414,OPC
cell_1415,OPC
cell_1416,InN
cell_1417,OliM
cell_1418,Ast
cell_1419,E2Rasgrf2
cell_1420,E5Sulf1
cell_1421,E4Il1rapl2
cell_1422,E2Rasgrf2
cell_1423,E4Il1rapl2
cell_1424,E6Tle4
cell_1425,E4Il1rapl2
cell_1426,E4Il1rapl2
cell_1427,E3Rmst
cell_1428,E4Il1rapl2
cell_1429,E2Rasgrf2
cell_1430,E5Sulf1
cell_1431,E5Parm1
cell_1432,E2Rasgrf2
cell_1433,E4Thsd7a
cell_1434,InP
cell_1435,E2Rasgrf2
cell_1436,E2Rasgrf2
cell_1437,E2Rasgrf2
cell_1438,E5Galnt14
cell_1439,E5Galnt14
cell_1440,E2Rasgrf2
cell_1441,E2Rasgrf2
cell_1442,Mic
cell_1443,InS
cell_1444,E5Galnt14
cell_1445,E3Rorb
cell_1446,E2Rasgrf2
cell_1447,Clau
cell_1448,E2Rasgrf2
cell_1449,E5Galnt14
cell_1450,E5Galnt14
cell_1451,E3Rorb
cell_1452,E3Rorb
cell_1453,E6Tle4
cell_1454,E4Il1rapl2
cell_1455,InV
cell_1456,E5Galnt14
cell_1457,E5Tshz2
cell_1458,E2Rasgrf2
cell_1459,E4Il1rapl2
cell_1460,E2Rasgrf2
cell_1461,E2Rasgrf2
cell_1462,InV
cell_1463,E5Parm1
cell_1464,E6Tle4
cell_1465,E5Sulf1
cell_1466,E5Galnt14
cell_1467,E6Tle4
cell_1468,E6Tle4
cell_1469,E4Il1rapl2
cell_1470,E3Rorb
cell_1471,E2Rasgrf2
cell_1472,E2Rasgrf2
cell_1473,E6Tle4
cell_1474,E2Rasgrf2
cell_1475,E5Parm1
cell_1476,E6Tle4
cell_1477,E2Rasgrf2
cell_1478,E2Rasgrf2
cell_1479,E3Rorb
cell_1480,E3Rorb
cell_1481,InP
cell_1482,E2Rasgrf2
cell_1483,E3Rorb
cell_1484,E3Rorb
cell_1485,E4Thsd7a
cell_1486,E2Rasgrf2
cell_1487,E3Rorb
cell_1488,E3Rorb
cell_1489,E6Tle4
cell_1490,E2Rasgrf2
cell_1491,E6Tle4
cell_1492,E5Galnt14
cell_1493,InS
cell_1494,InN
cell_1495,Ast
cell_1496,InS
cell_1497,InS
cell_1498,Ast
cell_1499,E3Rorb
cell_1500,E3Rorb
cell_1501,E5Sulf1
cell_1502,E6Tle4
cell_1503,E2Rasgrf2
cell_1504,Clau
cell_1505,E4Il1rapl2
cell_1506,E3Rorb
cell_1507,E5Tshz2
cell_1508,E5Galnt14
cell_1509,E3Rmst
cell_1510,E6Tle4
cell_1511,E2Rasgrf2
cell_1512,E2Rasgrf2
cell_1513,E3Rorb
cell_1514,E3Rorb
cell_1515,InS
cell_1516,E2Rasgrf2
cell_1517,InP
cell_1518,E6Tle4
cell_1519,E2Rasgrf2
cell_1520,OliM
cell_1521,E5Sulf1
cell_1522,E6Tle4
cell_1523,E3Rorb
cell_1524,Mic
cell_1525,E5Galnt14
cell_1526,E4Thsd7a
cell_1527,E4Il1rapl2
cell_1528,E3Rorb
cell_1529,E5Galnt14
cell_1530,E6Tle4
cell_1531,E4Il1rapl2
cell_1532,E3Rorb
cell_1533,E5Sulf1
cell_1534,E2Rasgrf2
cell_1535,Ast
cell_1536,OliM
cell_1537,InP
cell_1538,Ast
cell_1539,Ast
cell_1540,E4Il1rapl2
cell_1541,Ast
cell_1542,Ast
cell_1543,E3Rorb
cell_1544,InN
cell_1545,OPC
cell_1546,Ast
cell_1547,E6Tle4
cell_1548,OPC
cell_1549,E6Tle4
cell_1550,E3Rorb
cell_1551,OliM
cell_1552,E5Galnt14
cell_1553,Ast
cell_1554,E6Tle4
cell_1555,OPC
cell_1556,E5Sulf1
cell_1557,E3Rorb
cell_1558,Endo
cell_1559,E4Thsd7a
cell_1560,E2Rasgrf2
cell_1561,InV
cell_1562,E3Rorb
cell_1563,E2Rasgrf2
cell_1564,E6Tle4
cell_1565,E2Rasgrf2
cell_1566,E3Rorb
cell_1567,Ast
cell_1568,Endo
cell_1569,InP
cell_1570,OliM
cell_1571,E3Rorb
cell_1572,E2Rasgrf2
cell_1573,E5Sulf1
cell_1574,Ast
cell_1575,E2Rasgrf2
cell_1576,E4Il1rapl2
cell_1577,E6Tle4
cell_1578,E4Thsd7a
cell_1579,E4Thsd7a
cell_1580,E5Galnt14
cell_1581,E2Rasgrf2
cell_1582,E4Il1rapl2
cell_1583,Clau
cell_1584,Ast
cell_1585,E6Tle4
cell_1586,E5Galnt14
cell_1587,E4Il1rapl2
cell_1588,E4Thsd7a
cell_1589,E2Rasgrf2
cell_1590,InS
cell_1591,E3Rorb
cell_1592,E3Rorb
cell_1593,OliM
cell_1594,E2Rasgrf2
cell_1595,E5Sulf1
cell_1596,E2Rasgrf2
cell_1597,E6Tle4
cell_1598,E4Il1rapl2
cell_1599,E2Rasgrf2
cell_1600,E2Rasgrf2
cell_1601,E5Galnt14
cell_1602,E2Rasgrf2
cell_1603,E5Parm1
cell_1604,E3Rmst
cell_1605,E5Galnt14
cell_1606,E5Parm1
cell_1607,E2Rasgrf2
cell_1608,E2Rasgrf2
cell_1609,E2Rasgrf2
cell_1610,E6Tle4
cell_1611,E2Rasgrf2
cell_1612,E6Tle4
cell_1613,E2Rasgrf2
cell_1614,E4Il1rapl2
cell_1615,E5Parm1
cell_1616,Ast
cell_1617,InS
cell_1618,InS
cell_1619,E2Rasgrf2
cell_1620,E5Galnt14
cell_1621,E5Galnt14
cell_1622,E3Rorb
cell_1623,OliM
cell_1624,E6Tle4
cell_1625,E2Rasgrf2
cell_1626,Clau
cell_1627,E6Tle4
cell_1628,E2Rasgrf2
cell_1629,E3Rorb
cell_1630,E5Parm1
cell_1631,E3Rorb
cell_1632,E2Rasgrf2
cell_1633,E6Tle4
cell_1634,E3Rorb
cell_1635,E3Rorb
cell_1636,E6Tle4
cell_1637,E3Rorb
cell_1638,E4Il1rapl2
cell_1639,E2Rasgrf2
cell_1640,InS
cell_1641,InV
cell_1642,E5Sulf1
cell_1643,E4Thsd7a
cell_1644,E5Sulf1
cell_1645,E5Parm1
cell_1646,E3Rorb
cell_1647,E4Il1rapl2
cell_1648,E2Rasgrf2
cell_1649,E3Rorb
cell_1650,E4Il1rapl2
cell_1651,E3Rmst
cell_1652,E4Thsd7a
cell_1653,E3Rorb
cell_1654,E6Tle4
cell_1655,E5Galnt14
cell_1656,InN
cell_1657,E6Tle4
cell_1658,E5Galnt14
cell_1659,Mic
cell_1660,E3Rorb
cell_1661,InP
cell_1662,E2Rasgrf2
cell_1663,InP
cell_1664,E3Rorb
cell_1665,E3Rorb
cell_1666,E2Rasgrf2
cell_1667,E4Thsd7a
cell_1668,E3Rorb
cell_1669,Ast
cell_1670,E3Rorb
cell_1671,E3Rmst
cell_1672,E6Tle4
cell_1673,E6Tle4
cell_1674,InS
cell_1675,E6Tle4
cell_1676,E5Galnt14
cell_1677,InP
cell_1678,E4Il1rapl2
cell_1679,E5Sulf1
cell_1680,E6Tle4
cell_1681,InV
cell_1682,InP
cell_1683,OliI
cell_1684,E6Tle4
cell_1685,Ast
cell_1686,E2Rasgrf2
cell_1687,Ast
cell_1688,E5Parm1
cell_1689,E3Rorb
cell_1690,E5Parm1
cell_1691,E3Rorb
cell_1692,OliM
cell_1693,OliM
cell_1694,InP
cell_1695,E2Rasgrf2
cell_1696,E2Rasgrf2
cell_1697,OliM
cell_1698,E2Rasgrf2
cell_1699,InN
cell_1700,E2Rasgrf2
cell_1701,E2Rasgrf2
cell_1702,E4Il1rapl2
cell_1703,E4Il1rapl2
cell_1704,E3Rorb
cell_1705,E4Il1rapl2
cell_1706,E2Rasgrf2
cell_1707,E4Il1rapl2
cell_1708,E2Rasgrf2
cell_1709,E6Tle4
cell_1710,E3Rorb
cell_1711,E2Rasgrf2
cell_1712,E4Il1rapl2
cell_1713,E5Sulf1
cell_1714,E2Rasgrf2
cell_1715,E5Parm1
cell_1716,E4Il1rapl2
cell_1717,E2Rasgrf2
cell_1718,E4Il1rapl2
cell_1719,E2Rasgrf2
cell_1720,E6Tle4
cell_1721,E2Rasgrf2
cell_1722,E2Rasgrf2
cell_1723,E3Rorb
cell_1724,E3Rorb
cell_1725,E2Rasgrf2
cell_1726,E6Tle4
cell_1727,E5Galnt14
cell_1728,E4Il1rapl2
cell_1729,E5Sulf1
cell_1730,E2Rasgrf2
cell_1731,E3Rorb
cell_1732,E4Il1rapl2
cell_1733,E6Tle4
cell_1734,InS
cell_1735,E2Rasgrf2
cell_1736,E5Parm1
cell_1737,E3Rorb
cell_1738,E2Rasgrf2
cell_1739,E3Rorb
cell_1740,E2Rasgrf2
cell_1741,InS
cell_1742,E6Tle4
cell_1743,E2Rasgrf2
cell_1744,E6Tle4
cell_1745,InN
cell_1746,E2Rasgrf2
cell_1747,E3Rmst
cell_1748,E6Tle4
cell_1749,E3Rmst
cell_1750,E6Tle4
cell_1751,E4Il1rapl2
cell_1752,E6Tle4
cell_1753,E3Rorb
cell_1754,E3Rmst
cell_1755,E5Parm1
cell_1756,E2Rasgrf2
cell_1757,E4Il1rapl2
cell_1758,E2Rasgrf2
cell_1759,E3Rorb
cell_1760,E4Thsd7a
cell_1761,E2Rasgrf2
cell_1762,Clau
cell_1763,InP
cell_1764,E2Rasgrf2
cell_1765,E5Galnt14
cell_1766,E6Tle4
cell_1767,E3Rmst
cell_1768,E3Rorb
cell_1769,E3Rorb
cell_1770,E2Rasgrf2
cell_1771,E2Rasgrf2
cell_1772,E3Rorb
cell_1773,E3Rorb
cell_1774,E3Rorb
cell_1775,Ast
cell_1776,E5Galnt14
cell_1777,E6Tle4
cell_1778,E6Tle4
cell_1779,E4Il1rapl2
cell_1780,E6Tle4
cell_1781,E6Tle4
cell_1782,E5Sulf1
cell_1783,E3Rorb
cell_1784,Ast
cell_1785,E4Il1rapl2
cell_1786,E2Rasgrf2
cell_1787,InV
cell_1788,E3Rmst
cell_1789,InN
cell_1790,E4Thsd7a
cell_1791,E6Tle4
cell_1792,OliM
cell_1793,E2Rasgrf2
cell_1794,E3Rorb
cell_1795,Peri
cell_1796,E6Tle4
cell_1797,E5Sulf1
cell_1798,E2Rasgrf2
cell_1799,E3Rorb
cell_1800,OliM
cell_1801,E3Rorb
cell_1802,E2Rasgrf2
cell_1803,E2Rasgrf2
cell_1804,E3Rorb
cell_1805,E3Rorb
cell_1806,E5Parm1
cell_1807,E2Rasgrf2
cell_1808,E6Tle4
cell_1809,OliM
cell_1810,E5Tshz2
cell_1811,Ast
cell_1812,E4Il1rapl2
cell_1813,E4Il1rapl2
cell_1814,InP
cell_1815,E2Rasgrf2
cell_1816,E2Rasgrf2
cell_1817,E2Rasgrf2
cell_1818,E2Rasgrf2
cell_1819,E5Galnt14
cell_1820,E4Il1rapl2
cell_1821,Clau
cell_1822,E3Rorb
cell_1823,E3Rorb
cell_1824,Ast
cell_1825,InP
cell_1826,OliM
cell_1827,OliM
cell_1828,OliM
cell_1829,E5Galnt14
cell_1830,E2Rasgrf2
cell_1831,OliM
cell_1832,InP
cell_1833,InP
cell_1834,Ast
cell_1835,InV
cell_1836,OliM
cell_1837,OliM
